id,first_name,last_name,email,gender,ip_address,price
1,Olivette,Goldstone,ogoldstone0@moonfruit.com,,181.161.100.0,69
2,Catina,Swalough,cswalough1@stumbleupon.com,,17.229.208.244,83
3,Babara,Simeoli,bsimeoli2@nydailynews.com,,127.240.61.50,8
4,Jania,McBay,jmcbay3@rediff.com,Female,9.230.22.0,100
5,Domini,Dorrance,ddorrance4@unc.edu,Female,50.157.32.166,19
6,Aime,Cussons,acussons5@sourceforge.net,Female,125.137.99.40,55
7,Aubree,Bowdon,abowdon6@phoca.cz,,8.46.174.70,58
8,Isabelita,Rothman,irothman7@cafepress.com,Female,120.87.51.82,84
9,Celine,Tuckwell,ctuckwell8@unc.edu,Female,93.172.49.173,7
10,Eamon,Brydie,ebrydie9@nasa.gov,Male,186.247.34.135,15
11,Karlen,Rego,kregoa@barnesandnoble.com,Female,235.152.212.21,72
12,Hayden,Osborn,hosbornb@dailymail.co.uk,Genderfluid,53.236.100.35,75
13,Louisette,Allday,lalldayc@businessinsider.com,Bigender,187.210.123.247,97
14,Twila,Le Frank,tlefrankd@youku.com,Female,172.121.245.53,59
15,Michell,Wolffers,mwolfferse@wordpress.com,Female,239.243.41.105,49
16,Dell,Gorvette,dgorvettef@bravesites.com,Male,37.226.232.102,92
17,Bessy,Shedden,bsheddeng@google.ca,Female,205.70.180.221,5
18,Gualterio,Le Friec,glefriech@live.com,Male,84.163.105.208,79
19,Tootsie,Domelow,tdomelowi@kickstarter.com,Female,137.5.157.115,51
20,Rubin,Fairbanks,rfairbanksj@freewebs.com,Male,240.98.64.105,48
21,Wallie,Pilley,wpilleyk@senate.gov,Female,12.75.240.74,61
22,Frederica,Swansborough,fswansboroughl@sourceforge.net,Female,221.216.119.175,66
23,Vinny,Geldard,vgeldardm@miitbeian.gov.cn,Male,54.143.98.248,96
24,Zeke,Embling,zemblingn@nifty.com,Agender,234.131.79.27,11
25,Scot,Dearlove,sdearloveo@wix.com,Genderfluid,106.145.28.162,13
26,Sissie,Hacard,shacardp@github.io,Female,12.64.114.213,1
27,Sullivan,McCarlie,smccarlieq@altervista.org,Male,200.114.94.108,50
28,Papagena,Birmingham,pbirminghamr@smugmug.com,Female,248.236.255.106,70
29,Arlen,Windle,awindles@cnbc.com,Male,51.237.244.22,6
30,Bord,Dunkerley,bdunkerleyt@yolasite.com,Male,13.103.90.232,7
31,Allard,Saberton,asabertonu@amazon.co.jp,Male,8.214.201.244,49
32,Amos,Fryman,afrymanv@forbes.com,Male,129.228.69.207,37
33,Kikelia,Scrine,kscrinew@mapy.cz,Female,214.115.241.191,52
34,Gabriel,Byrth,gbyrthx@xrea.com,Female,98.233.0.212,77
35,Ardine,Solomonides,asolomonidesy@sakura.ne.jp,Polygender,38.113.15.183,3
36,Olenka,Clausson,oclaussonz@flickr.com,Female,229.24.185.149,46
37,Briggs,Pacey,bpacey10@g.co,Male,219.192.235.181,18
38,Shea,Grosvener,sgrosvener11@blogger.com,Female,81.158.13.105,69
39,Dori,Domone,ddomone12@oaic.gov.au,Female,83.173.20.5,40
40,Gayler,Drinkall,gdrinkall13@godaddy.com,Male,47.5.124.174,20
41,Jeromy,Pargetter,jpargetter14@theguardian.com,Non-binary,7.253.64.255,53
42,Guido,Bloss,gbloss15@ucoz.ru,Male,213.123.78.130,48
43,Milton,Braidman,mbraidman16@alibaba.com,Male,69.81.222.152,44
44,Tawnya,Lampaert,tlampaert17@seesaa.net,Female,10.211.253.53,25
45,Nehemiah,Eaton,neaton18@apache.org,Male,251.63.65.91,88
46,Starla,Grinnikov,sgrinnikov19@issuu.com,Female,51.114.170.36,30
47,Annamarie,Wigelsworth,awigelsworth1a@patch.com,Female,44.158.22.2,23
48,Bertrando,Byrkmyr,bbyrkmyr1b@squarespace.com,Male,188.167.126.183,20
49,Seana,Chavez,schavez1c@jiathis.com,Female,128.185.180.73,8
50,Paul,Botting,pbotting1d@jimdo.com,Male,116.143.156.37,66
51,Danyette,Sharnock,dsharnock1e@berkeley.edu,Agender,255.41.255.182,72
52,Cindi,Dunsmuir,cdunsmuir1f@un.org,Female,249.115.202.7,34
53,Dirk,Sangra,dsangra1g@comcast.net,Genderfluid,233.138.7.161,59
54,Sheryl,Otham,sotham1h@psu.edu,Polygender,207.51.218.241,93
55,Leon,Cosgrive,lcosgrive1i@mapquest.com,Male,155.233.157.186,98
56,Rouvin,Gitting,rgitting1j@dmoz.org,Male,191.77.66.69,72
57,Adel,Speariett,aspeariett1k@mozilla.org,Female,49.196.213.153,29
58,Rudyard,Scole,rscole1l@digg.com,Non-binary,1.221.44.52,89
59,Myer,Spaughton,mspaughton1m@comsenz.com,Male,232.76.172.100,4
60,Howey,Ranby,hranby1n@clickbank.net,Male,196.247.183.24,26
61,Corny,Laurenzi,claurenzi1o@boston.com,Female,18.28.19.255,41
62,Dionis,Fishlee,dfishlee1p@pen.io,Female,104.201.173.18,16
63,Randolf,Boosey,rboosey1q@sbwire.com,Male,24.75.110.127,15
64,Huntley,Menelaws,hmenelaws1r@theglobeandmail.com,Male,71.197.39.196,5
65,Starla,Dorro,sdorro1s@timesonline.co.uk,Female,221.250.58.77,53
66,Ned,Naul,nnaul1t@illinois.edu,Male,125.191.195.3,81
67,Constance,Whyffen,cwhyffen1u@nymag.com,Female,75.233.114.37,55
68,Paxon,Dady,pdady1v@weebly.com,Male,96.141.7.123,62
69,Padget,Musterd,pmusterd1w@abc.net.au,Male,112.5.88.220,43
70,Thorn,Abelov,tabelov1x@mediafire.com,Male,120.45.160.154,23
71,Shawn,Sutlieff,ssutlieff1y@twitpic.com,Male,60.13.19.127,35
72,Jasper,Cutforth,jcutforth1z@accuweather.com,Male,133.34.77.179,7
73,Shirlee,Cutress,scutress20@amazon.de,Female,92.30.188.107,83
74,Reese,Gillanders,rgillanders21@canalblog.com,Male,248.75.37.22,69
75,Gaspard,Baitson,gbaitson22@trellian.com,Male,205.99.230.57,11
76,Stacy,Cuttin,scuttin23@sciencedirect.com,Male,214.224.107.211,7
77,Marcellus,Crocken,mcrocken24@delicious.com,Male,19.71.11.116,39
78,Dietrich,Sterman,dsterman25@toplist.cz,Male,26.87.235.77,94
79,Brew,Darington,bdarington26@youtube.com,Male,37.185.174.162,93
80,Novelia,Martinovic,nmartinovic27@webs.com,Genderqueer,132.13.155.219,56
81,Adrien,Prozescky,aprozescky28@bizjournals.com,Male,207.205.45.78,95
82,Sascha,Alenshev,salenshev29@linkedin.com,Female,94.103.133.166,76
83,Chrisse,Simonite,csimonite2a@sakura.ne.jp,Male,70.166.78.230,17
84,Julienne,Hegdonne,jhegdonne2b@slate.com,Female,133.91.51.255,75
85,Andros,de Tocqueville,adetocqueville2c@furl.net,Male,191.77.64.177,96
86,Caleb,Hansana,chansana2d@hatena.ne.jp,Bigender,112.198.68.36,46
87,Damara,Graben,dgraben2e@mail.ru,Female,214.52.78.22,28
88,Risa,Sanders,rsanders2f@oakley.com,Female,55.16.159.137,56
89,Wynny,Alison,walison2g@moonfruit.com,Female,233.70.3.231,59
90,Paulina,Logesdale,plogesdale2h@arizona.edu,Female,51.9.178.35,7
91,Datha,Pincked,dpincked2i@pbs.org,Female,130.196.7.203,9
92,Waylan,Wickmann,wwickmann2j@google.com,Male,28.30.55.136,79
93,Willyt,Balharrie,wbalharrie2k@barnesandnoble.com,Female,208.141.217.206,74
94,Alvie,Jimeno,ajimeno2l@china.com.cn,Male,20.101.249.150,44
95,Richie,Puckey,rpuckey2m@whitehouse.gov,Genderfluid,194.51.169.109,29
96,Mahala,Chappelow,mchappelow2n@dropbox.com,Female,59.8.236.104,38
97,Edan,Scola,escola2o@cafepress.com,Male,94.200.64.224,29
98,Buffy,Echalie,bechalie2p@pbs.org,Polygender,32.134.249.231,100
99,Vernor,Bayfield,vbayfield2q@123-reg.co.uk,Male,57.202.87.198,67
100,Suzanne,Fleay,sfleay2r@tmall.com,Female,191.118.178.90,63
101,Matteo,Riach,mriach2s@wp.com,Male,61.249.81.147,56
102,Domenic,Dearing,ddearing2t@w3.org,Male,210.233.193.33,25
103,Tito,McEvon,tmcevon2u@vkontakte.ru,Male,217.86.31.197,79
104,Berk,Allright,ballright2v@slashdot.org,Male,44.231.119.206,17
105,Carol-jean,Ferriere,cferriere2w@indiegogo.com,Female,64.155.92.176,21
106,Marnie,Fiorentino,mfiorentino2x@yellowpages.com,Female,74.156.28.86,55
107,Nerissa,Duerdin,nduerdin2y@cnn.com,Female,190.58.86.49,51
108,Misty,Theobalds,mtheobalds2z@apple.com,Female,5.144.231.172,32
109,Reginauld,Kupka,rkupka30@nature.com,Male,124.127.142.159,30
110,Melisande,Gallaway,mgallaway31@jugem.jp,Female,99.119.82.48,90
111,Riane,Sisnett,rsisnett32@google.cn,Female,27.60.102.131,95
112,Jordan,McLeary,jmcleary33@sciencedaily.com,Female,180.198.155.144,56
113,Emily,Wearn,ewearn34@myspace.com,Female,248.99.134.189,3
114,Hendrik,Antalffy,hantalffy35@theatlantic.com,Male,143.108.95.75,17
115,Killian,Mityukov,kmityukov36@msu.edu,Male,37.101.114.221,8
116,Melodee,Dodworth,mdodworth37@umn.edu,Female,202.225.5.60,44
117,Desmond,Keneford,dkeneford38@aboutads.info,Male,137.104.232.236,50
118,Breena,Mico,bmico39@51.la,Female,32.203.152.204,5
119,Thomas,Franklyn,tfranklyn3a@usgs.gov,Male,188.45.228.131,35
120,Geoff,Billyard,gbillyard3b@yolasite.com,Male,6.116.64.87,7
121,Salomone,Duddin,sduddin3c@ftc.gov,Male,28.132.67.245,90
122,Zack,Stoak,zstoak3d@gravatar.com,Male,110.30.104.169,9
123,Claudianus,Krimmer,ckrimmer3e@over-blog.com,Male,227.83.29.187,22
124,Melissa,Giacomoni,mgiacomoni3f@whitehouse.gov,Polygender,145.157.28.147,62
125,Zolly,Worsfield,zworsfield3g@webnode.com,Male,122.220.196.214,84
126,Ailene,Hambers,ahambers3h@microsoft.com,Genderfluid,234.113.196.82,30
127,Orville,Weond,oweond3i@discovery.com,Male,85.142.67.36,23
128,Gonzalo,Brockton,gbrockton3j@bandcamp.com,Male,37.5.128.46,5
129,Valaria,Creevy,vcreevy3k@indiegogo.com,Female,154.107.164.45,79
130,Olvan,Daulton,odaulton3l@creativecommons.org,Male,1.205.54.218,8
131,Sheffield,Prichet,sprichet3m@uol.com.br,Male,54.47.74.177,47
132,Jake,Wigginton,jwigginton3n@example.com,Male,223.104.20.53,74
133,Papageno,Wolfer,pwolfer3o@vimeo.com,Male,63.16.88.219,39
134,Conan,Minton,cminton3p@tamu.edu,Male,58.134.60.123,72
135,Bayard,Siege,bsiege3q@patch.com,Male,107.45.177.167,77
136,Owen,Dorman,odorman3r@parallels.com,Male,4.11.232.217,69
137,Care,Bowra,cbowra3s@washington.edu,Male,228.113.220.225,9
138,Yard,Crumbie,ycrumbie3t@theglobeandmail.com,Male,199.98.10.242,61
139,Wesley,Sothcott,wsothcott3u@devhub.com,Male,33.50.54.102,11
140,Brandyn,Keynes,bkeynes3v@weebly.com,Male,243.224.44.164,6
141,Rosina,De la croix,rdelacroix3w@netvibes.com,Female,47.137.140.86,51
142,Koressa,Robertshaw,krobertshaw3x@hexun.com,Female,244.47.208.220,34
143,Neville,Crombleholme,ncrombleholme3y@arizona.edu,Male,216.74.134.34,7
144,Adrea,Breckon,abreckon3z@hostgator.com,Bigender,114.173.106.206,65
145,Tuckie,Keam,tkeam40@ow.ly,Male,143.231.186.48,2
146,Fowler,Cropton,fcropton41@cpanel.net,Male,45.100.121.156,40
147,Marcelo,Blenkharn,mblenkharn42@cbsnews.com,Male,141.167.64.11,59
148,Arlene,Myatt,amyatt43@archive.org,Female,125.168.21.73,19
149,Sianna,Doxsey,sdoxsey44@cocolog-nifty.com,Female,89.63.153.121,55
150,Natalina,Castelyn,ncastelyn45@springer.com,Female,163.255.27.84,74
151,Stanislaus,Lowle,slowle46@dropbox.com,Male,195.148.231.107,99
152,Carl,Batisse,cbatisse47@360.cn,Male,168.104.244.98,51
153,Yancy,Youde,yyoude48@gizmodo.com,Male,195.36.59.79,77
154,Kala,Tong,ktong49@deviantart.com,Female,66.4.241.204,85
155,Benjamin,Farrens,bfarrens4a@ucla.edu,Male,171.143.72.26,56
156,Myrtia,Ivashchenko,mivashchenko4b@comsenz.com,Female,24.17.190.66,3
157,Zachery,Luthwood,zluthwood4c@google.pl,Male,122.235.163.143,15
158,Wayland,Nyssen,wnyssen4d@bigcartel.com,Male,162.150.31.0,21
159,Antons,Buttner,abuttner4e@fda.gov,Bigender,179.36.239.246,17
160,Theo,Duddan,tduddan4f@wikia.com,Female,192.239.119.142,52
161,Fons,Muckart,fmuckart4g@mozilla.org,Male,63.51.218.57,17
162,Netta,Bricket,nbricket4h@shop-pro.jp,Female,196.52.49.220,70
163,Ashton,Iannuzzi,aiannuzzi4i@cdbaby.com,Male,229.152.191.242,40
164,Curr,Sunners,csunners4j@aol.com,Male,224.59.249.175,58
165,Binny,Keford,bkeford4k@whitehouse.gov,Female,209.132.22.204,95
166,Mehetabel,Shade,mshade4l@ucla.edu,Female,171.133.104.74,78
167,Hugh,Larkings,hlarkings4m@123-reg.co.uk,Male,92.196.52.24,91
168,Godwin,Denkel,gdenkel4n@mac.com,Male,133.197.69.68,75
169,Ashley,Labrenz,alabrenz4o@utexas.edu,Non-binary,209.192.197.5,48
170,Vassili,Tiley,vtiley4p@stanford.edu,Male,251.35.150.210,74
171,Estell,Guilliland,eguilliland4q@qq.com,Female,219.122.91.100,85
172,Gus,Wraxall,gwraxall4r@shutterfly.com,Female,18.194.50.5,39
173,Shauna,Elward,selward4s@earthlink.net,Female,133.129.132.138,28
174,Delano,Trim,dtrim4t@prnewswire.com,Male,246.8.132.128,75
175,Sawyer,Plaunch,splaunch4u@clickbank.net,Male,86.78.62.215,4
176,Alfy,Kerley,akerley4v@bloglovin.com,Male,11.19.170.135,49
177,Garwin,Barthrup,gbarthrup4w@dot.gov,Male,3.110.122.149,67
178,Garey,Pollins,gpollins4x@tripadvisor.com,Male,56.180.6.59,24
179,Karia,Feltoe,kfeltoe4y@paypal.com,Female,234.184.168.210,71
180,Norina,Ciccotti,nciccotti4z@newsvine.com,Female,44.22.178.207,23
181,Averell,Hebner,ahebner50@gmpg.org,Male,38.144.168.170,57
182,Shirley,Spacie,sspacie51@sina.com.cn,Female,118.241.241.81,32
183,Vic,Mussared,vmussared52@java.com,Male,43.15.249.96,63
184,Alexandr,Theze,atheze53@unesco.org,Male,65.65.130.221,15
185,Rubie,Mawd,rmawd54@merriam-webster.com,Female,69.217.103.24,33
186,Penelopa,O'Howbane,pohowbane55@shinystat.com,Female,56.188.47.132,82
187,Joseito,Corah,jcorah56@google.fr,Male,67.176.184.54,90
188,Celie,Lockhart,clockhart57@npr.org,Female,160.5.169.110,29
189,Nico,Georgeon,ngeorgeon58@dedecms.com,Male,24.178.74.107,80
190,Robin,Ickovicz,rickovicz59@nhs.uk,Genderqueer,59.186.145.239,74
191,Brooks,Staggs,bstaggs5a@samsung.com,Male,222.176.185.162,93
192,Alyss,Saura,asaura5b@usda.gov,Non-binary,30.8.74.162,54
193,Gerardo,Gooly,ggooly5c@ft.com,Male,185.150.48.4,62
194,Thorndike,Evetts,tevetts5d@behance.net,Male,27.60.89.39,47
195,Eunice,Glisane,eglisane5e@is.gd,Female,95.113.13.65,26
196,Aryn,Le Brom,alebrom5f@tuttocitta.it,Female,87.154.167.70,46
197,Larissa,Isakowicz,lisakowicz5g@cdc.gov,Female,142.255.97.250,78
198,Wilone,Jurca,wjurca5h@ucla.edu,Female,18.254.175.48,87
199,Andros,Claughton,aclaughton5i@rakuten.co.jp,Male,246.191.114.10,14
200,Duffie,Caghy,dcaghy5j@feedburner.com,Male,250.197.106.246,39
201,Ivan,Courson,icourson5k@example.com,Male,116.170.219.154,75
202,Hyacintha,Palister,hpalister5l@bloomberg.com,Female,218.249.5.244,13
203,Vincents,Credland,vcredland5m@nba.com,Male,242.247.51.36,70
204,Gwendolin,Milland,gmilland5n@sitemeter.com,Female,15.19.223.214,50
205,Phedra,Spavins,pspavins5o@yahoo.com,Female,185.33.111.230,81
206,Gwendolyn,Elce,gelce5p@webeden.co.uk,Female,239.119.207.116,3
207,Augy,Keedwell,akeedwell5q@gizmodo.com,Male,51.23.41.123,64
208,Zedekiah,Tinline,ztinline5r@ow.ly,Male,41.232.95.152,86
209,Gerald,Pentycross,gpentycross5s@un.org,Male,216.54.205.169,60
210,Stanislas,Haggar,shaggar5t@wisc.edu,Genderfluid,81.226.51.60,4
211,Herb,Taylo,htaylo5u@accuweather.com,Male,242.152.128.149,62
212,Natale,Jenman,njenman5v@about.com,Male,171.214.159.108,16
213,Lorrie,Hayworth,lhayworth5w@free.fr,Male,29.125.114.62,9
214,Yuma,Laurencot,ylaurencot5x@intel.com,Male,12.122.29.227,55
215,Arnie,Trump,atrump5y@businesswire.com,Male,150.87.105.34,52
216,Emmye,Russi,erussi5z@yahoo.com,Female,85.147.211.160,48
217,Tripp,Thompsett,tthompsett60@opera.com,Male,97.197.170.177,4
218,Claudelle,Avrahamoff,cavrahamoff61@twitter.com,Female,34.92.214.5,9
219,Rorie,Tromans,rtromans62@friendfeed.com,Female,134.237.229.39,22
220,Ebba,Madgin,emadgin63@networksolutions.com,Polygender,57.245.129.130,40
221,Shermy,Tale,stale64@rediff.com,Male,232.155.2.80,42
222,Cahra,Lawler,clawler65@usnews.com,Female,32.40.223.149,51
223,Jenilee,Jemmison,jjemmison66@nhs.uk,Female,133.114.221.131,53
224,Jeramey,Detoc,jdetoc67@typepad.com,Male,109.49.226.227,95
225,Dallas,Vasiliev,dvasiliev68@jiathis.com,Male,141.254.3.234,66
226,Babita,Kaminski,bkaminski69@e-recht24.de,Female,97.112.107.157,65
227,Thibaud,Emmett,temmett6a@sourceforge.net,Male,4.216.25.76,80
228,Ernesto,Romei,eromei6b@bing.com,Agender,128.102.144.209,60
229,August,Doddrell,adoddrell6c@wiley.com,Male,58.141.26.239,30
230,Claudio,Oughtright,coughtright6d@ustream.tv,Male,230.89.107.242,58
231,Mari,Yurlov,myurlov6e@slideshare.net,Female,45.150.235.54,61
232,Wadsworth,Garken,wgarken6f@miibeian.gov.cn,Male,87.98.50.51,75
233,Donella,Stannard,dstannard6g@google.pl,Female,128.8.14.111,92
234,Hernando,Lanphere,hlanphere6h@dmoz.org,Male,29.1.140.182,85
235,Agnella,Redsell,aredsell6i@is.gd,Female,222.105.16.147,92
236,Minnaminnie,Camilletti,mcamilletti6j@businessinsider.com,Female,152.251.237.164,56
237,Amalia,Coudray,acoudray6k@posterous.com,Female,112.164.94.8,71
238,Munroe,Pitney,mpitney6l@umn.edu,Male,211.255.189.15,24
239,Avril,De Cruze,adecruze6m@free.fr,Female,254.32.162.244,46
240,Hillier,Risom,hrisom6n@jimdo.com,Agender,125.245.126.222,98
241,Avrit,Remmer,aremmer6o@jiathis.com,Female,149.143.50.84,44
242,Abba,Hardi,ahardi6p@answers.com,Male,68.243.164.254,31
243,Zacharias,Wandrack,zwandrack6q@boston.com,Male,64.89.64.148,17
244,Jervis,Basire,jbasire6r@spiegel.de,Male,238.10.54.79,84
245,Maure,Prandi,mprandi6s@soundcloud.com,Female,59.32.124.242,49
246,Bianca,O'Corr,bocorr6t@ucla.edu,Female,118.96.225.233,38
247,Rosamund,Tamblyn,rtamblyn6u@sbwire.com,Female,213.225.169.202,37
248,Ade,Worters,aworters6v@hugedomains.com,Male,173.201.191.228,88
249,Theodosia,Edsall,tedsall6w@si.edu,Female,140.25.113.182,47
250,Heywood,Bedrosian,hbedrosian6x@facebook.com,Male,66.12.13.17,39
251,Elfrieda,Perris,eperris6y@icio.us,Female,12.151.21.137,65
252,Troy,Haggis,thaggis6z@si.edu,Male,171.127.231.227,91
253,Elfie,Keeler,ekeeler70@sohu.com,Female,13.127.223.246,100
254,Siobhan,Ludron,sludron71@sfgate.com,Female,58.247.5.142,79
255,Zola,Hawkins,zhawkins72@mail.ru,Female,111.160.182.182,14
256,Jesse,Momery,jmomery73@ovh.net,Female,121.68.38.92,10
257,Virgilio,Offner,voffner74@hexun.com,Male,20.206.178.187,50
258,Matelda,Craney,mcraney75@delicious.com,Non-binary,194.222.205.150,85
259,Rosalynd,Grzegorek,rgrzegorek76@yellowpages.com,Bigender,121.137.253.142,35
260,Margot,Finnis,mfinnis77@weather.com,Female,200.176.104.128,57
261,Nathanael,Jorio,njorio78@rakuten.co.jp,Male,29.222.210.250,17
262,Liana,Carnelley,lcarnelley79@wikipedia.org,Female,221.56.241.90,35
263,Waly,Klimecki,wklimecki7a@aol.com,Polygender,38.147.39.92,29
264,Isaac,Thickin,ithickin7b@google.ca,Male,0.208.44.9,23
265,Frederich,Kemston,fkemston7c@sina.com.cn,Male,198.231.242.39,6
266,Loreen,Ginsie,lginsie7d@quantcast.com,Female,154.179.98.92,41
267,Leonore,Minguet,lminguet7e@china.com.cn,Female,175.11.115.189,62
268,Steven,Hatherley,shatherley7f@geocities.com,Male,205.150.94.28,20
269,Alia,Treffry,atreffry7g@thetimes.co.uk,Female,243.59.124.13,97
270,Skipp,Bentote,sbentote7h@bloglovin.com,Male,79.209.23.220,28
271,Kort,Holt,kholt7i@go.com,Male,156.41.244.80,45
272,Dael,Jarrold,djarrold7j@surveymonkey.com,Female,241.179.38.228,97
273,Nolie,Cuthbert,ncuthbert7k@soup.io,Female,228.254.183.182,36
274,Yance,Cartner,ycartner7l@xrea.com,Male,9.167.46.19,6
275,Rodd,Duthie,rduthie7m@reverbnation.com,Male,110.207.184.220,83
276,Rica,Barrs,rbarrs7n@wikipedia.org,Female,63.216.38.121,84
277,Brit,De La Haye,bdelahaye7o@blogs.com,Genderfluid,90.164.224.5,72
278,Ulick,Markie,umarkie7p@ocn.ne.jp,Male,235.180.25.125,36
279,Morten,Colleer,mcolleer7q@mit.edu,Male,115.134.141.140,89
280,Gretel,Hessing,ghessing7r@census.gov,Female,164.191.146.221,43
281,Delmer,Coulthard,dcoulthard7s@salon.com,Male,191.228.44.62,97
282,Karlik,Gerb,kgerb7t@engadget.com,Male,29.24.117.30,24
283,Adrian,Mangenot,amangenot7u@elegantthemes.com,Male,161.44.20.242,83
284,Mackenzie,Prettjohn,mprettjohn7v@lycos.com,Male,103.139.232.142,40
285,Jacquetta,Papez,jpapez7w@ted.com,Female,15.150.197.188,13
286,Kilian,Candwell,kcandwell7x@mysql.com,Male,47.251.35.141,37
287,Giana,Frazer,gfrazer7y@google.ca,Female,171.191.16.107,46
288,Vic,Rosell,vrosell7z@loc.gov,Agender,19.94.242.64,3
289,Whitby,Beautyman,wbeautyman80@cam.ac.uk,Male,154.103.82.136,90
290,Ninette,Paterson,npaterson81@webs.com,Bigender,154.136.195.100,53
291,Pauly,Londors,plondors82@apple.com,Female,205.4.197.234,26
292,Clerissa,Fradgley,cfradgley83@icq.com,Female,232.206.58.25,60
293,Kalina,Tanswill,ktanswill84@illinois.edu,Female,226.138.165.167,71
294,Catharina,Sutherington,csutherington85@sciencedirect.com,Female,13.134.216.131,1
295,Garrard,Walling,gwalling86@opensource.org,Male,155.209.163.5,57
296,Tedman,Smallpeace,tsmallpeace87@spiegel.de,Male,35.249.246.153,1
297,Alecia,Jinda,ajinda88@skype.com,Female,131.221.13.36,77
298,Corrianne,Ingrey,cingrey89@reuters.com,Female,121.41.250.224,39
299,Coop,Atteridge,catteridge8a@de.vu,Male,138.240.146.63,17
300,Kellie,Harewood,kharewood8b@dailymotion.com,Female,111.62.76.136,68
301,Malissia,Baton,mbaton8c@washington.edu,Female,247.128.44.67,75
302,Germain,Bartalucci,gbartalucci8d@businessinsider.com,Male,85.188.125.139,32
303,Karisa,Tabary,ktabary8e@odnoklassniki.ru,Female,216.15.168.203,18
304,Forest,Bellhouse,fbellhouse8f@reuters.com,Male,12.60.159.141,14
305,Ernesta,Cressy,ecressy8g@google.es,Female,18.123.62.254,99
306,Ari,Kyffin,akyffin8h@dyndns.org,Male,80.118.102.133,79
307,Brose,Pettigrew,bpettigrew8i@unicef.org,Male,22.204.107.20,69
308,Randi,Hansell,rhansell8j@1und1.de,Non-binary,180.223.55.86,31
309,Lavina,Vaen,lvaen8k@theglobeandmail.com,Female,77.200.157.133,76
310,Corny,McCormick,cmccormick8l@rediff.com,Female,202.26.21.252,89
311,Loreen,Kynoch,lkynoch8m@t-online.de,Female,25.250.218.219,100
312,Pietrek,Choldcroft,pcholdcroft8n@oakley.com,Non-binary,66.165.46.30,57
313,Howey,Lorroway,hlorroway8o@businessinsider.com,Male,145.51.24.187,9
314,Ricky,Kording,rkording8p@twitter.com,Female,43.73.61.210,50
315,Kimble,Fawckner,kfawckner8q@loc.gov,Male,30.32.181.39,12
316,Richmound,McGuire,rmcguire8r@angelfire.com,Male,46.172.112.82,86
317,Wandis,Swatheridge,wswatheridge8s@indiatimes.com,Female,32.34.194.95,76
318,Katharina,De Cleen,kdecleen8t@webnode.com,Female,180.222.244.102,29
319,Beverley,Sampey,bsampey8u@free.fr,Female,232.222.195.29,51
320,Emmi,Harry,eharry8v@wunderground.com,Female,100.251.94.27,84
321,Megan,Dartnell,mdartnell8w@tinyurl.com,Female,207.180.15.225,21
322,Callean,Tarr,ctarr8x@soundcloud.com,Male,174.160.92.12,23
323,Benjie,Yeo,byeo8y@instagram.com,Male,163.74.120.246,8
324,Tiffany,Basini-Gazzi,tbasinigazzi8z@ox.ac.uk,Female,9.128.155.93,52
325,Ezra,Andreazzi,eandreazzi90@thetimes.co.uk,Male,27.221.45.134,35
326,Morganica,Tamblingson,mtamblingson91@reference.com,Female,62.144.161.202,34
327,Sayre,Cratchley,scratchley92@globo.com,Female,85.240.188.23,94
328,Ronica,Wellsman,rwellsman93@gmpg.org,Female,249.51.117.82,23
329,Omero,Vanetti,ovanetti94@discuz.net,Male,63.237.74.224,46
330,Aldous,Leadston,aleadston95@ca.gov,Male,154.72.188.18,8
331,Georgie,Scollick,gscollick96@constantcontact.com,Female,235.210.105.99,94
332,Gauthier,Dmitr,gdmitr97@youku.com,Male,147.180.244.53,48
333,Sigismond,Staker,sstaker98@hao123.com,Genderfluid,59.80.158.227,81
334,Cooper,Caush,ccaush99@wix.com,Male,44.178.30.15,73
335,Thayne,Rookwell,trookwell9a@spotify.com,Male,7.115.117.103,22
336,Isa,Najera,inajera9b@smugmug.com,Non-binary,147.14.182.77,40
337,Manon,Sheircliffe,msheircliffe9c@is.gd,Female,3.253.103.181,36
338,Kingston,Joseff,kjoseff9d@t-online.de,Male,157.18.131.236,20
339,Salem,Elcom,selcom9e@unblog.fr,Male,250.82.159.115,80
340,Romola,Lumsdaine,rlumsdaine9f@va.gov,Female,157.133.230.188,33
341,Waldemar,Somerbell,wsomerbell9g@indiatimes.com,Male,49.185.139.123,32
342,Jori,Trebbett,jtrebbett9h@xing.com,Female,175.216.144.149,7
343,Cordie,Gorusso,cgorusso9i@google.es,Male,78.21.174.8,98
344,Ingmar,Nemchinov,inemchinov9j@adobe.com,Male,68.213.130.191,96
345,Xymenes,Newsham,xnewsham9k@vimeo.com,Male,216.238.212.206,72
346,Frederich,Morris,fmorris9l@guardian.co.uk,Male,147.49.144.23,7
347,Ambrose,Caudell,acaudell9m@paginegialle.it,Male,152.131.190.176,45
348,Bink,Sutehall,bsutehall9n@fc2.com,Male,27.64.72.95,34
349,Leslie,Wiffield,lwiffield9o@tuttocitta.it,Female,118.97.68.235,34
350,Pinchas,Trustie,ptrustie9p@hhs.gov,Male,159.192.196.81,70
351,Noll,Najara,nnajara9q@usa.gov,Male,69.154.135.234,3
352,Beilul,Woodard,bwoodard9r@reddit.com,Female,30.40.1.175,77
353,Gerrie,Beesey,gbeesey9s@alibaba.com,Male,22.20.22.124,54
354,Maryrose,Idle,midle9t@nature.com,Female,217.34.135.59,35
355,Michail,Barling,mbarling9u@people.com.cn,Genderqueer,40.82.50.94,10
356,Humberto,Linfield,hlinfield9v@jugem.jp,Male,237.54.44.152,8
357,Antonina,Sacker,asacker9w@pcworld.com,Female,14.155.116.132,96
358,Johnathon,Glowach,jglowach9x@redcross.org,Genderfluid,24.58.72.85,8
359,Cornie,Jinkinson,cjinkinson9y@infoseek.co.jp,Male,72.132.208.161,51
360,Gilda,Brennand,gbrennand9z@usnews.com,Agender,151.27.183.150,45
361,Hewe,Maxfield,hmaxfielda0@aboutads.info,Male,3.7.167.230,46
362,Ambrosius,Pashby,apashbya1@vimeo.com,Male,9.163.65.119,44
363,Nada,Wybrow,nwybrowa2@ucla.edu,Female,155.9.144.1,67
364,Pate,Malinowski,pmalinowskia3@simplemachines.org,Male,55.141.178.148,99
365,Arlene,Bonnett,abonnetta4@xrea.com,Female,12.221.2.25,89
366,Gabriello,Eathorne,geathornea5@pbs.org,Genderqueer,180.89.228.242,96
367,Cal,Tapson,ctapsona6@paypal.com,Female,94.173.71.167,68
368,Clayborne,Willoway,cwillowaya7@sogou.com,Genderqueer,188.2.50.181,77
369,Hazel,Paulig,hpauliga8@mayoclinic.com,Male,137.41.146.205,28
370,Jacklin,Bazell,jbazella9@vk.com,Female,106.64.7.204,96
371,Clarissa,O'Dowling,codowlingaa@utexas.edu,Genderfluid,20.76.182.152,38
372,Paco,Ricardo,pricardoab@dailymail.co.uk,Male,149.173.170.82,61
373,Clarey,Durham,cdurhamac@house.gov,Female,153.217.98.147,92
374,Gwenny,Middle,gmiddlead@webeden.co.uk,Female,151.3.197.135,81
375,Feodor,Thompsett,fthompsettae@creativecommons.org,Male,231.60.169.62,25
376,Marabel,Hardistry,mhardistryaf@sina.com.cn,Female,92.236.159.141,28
377,Everett,Antognozzii,eantognozziiag@techcrunch.com,Male,35.223.132.105,15
378,Dexter,Slight,dslightah@blogger.com,Male,34.216.219.121,61
379,Alina,Westby,awestbyai@eventbrite.com,Female,7.231.8.201,53
380,Morganica,Le Barr,mlebarraj@dropbox.com,Female,58.126.5.253,61
381,Robb,Brayford,rbrayfordak@columbia.edu,Male,46.125.224.72,33
382,Winni,Hartfleet,whartfleetal@shutterfly.com,Female,0.90.180.52,78
383,Markos,Pinshon,mpinshonam@bbc.co.uk,Male,206.52.90.242,56
384,Cash,Magill,cmagillan@storify.com,Male,9.171.69.50,5
385,Maurie,Cockshot,mcockshotao@instagram.com,Male,44.135.67.1,46
386,Alvera,Cullity,acullityap@scientificamerican.com,Female,217.190.83.158,79
387,Ferd,Graine,fgraineaq@flavors.me,Male,211.242.242.18,58
388,Lorain,Van't Hoff,lvanthoffar@mac.com,Female,42.9.13.112,83
389,Burlie,Ebi,bebias@cnbc.com,Male,209.242.69.202,69
390,Teddy,Lemme,tlemmeat@wiley.com,Male,227.159.60.19,13
391,Kissie,Keyhoe,kkeyhoeau@bigcartel.com,Female,35.222.237.250,79
392,Tadeo,Harrowing,tharrowingav@twitter.com,Genderfluid,168.52.156.88,78
393,Berry,Falcus,bfalcusaw@scientificamerican.com,Female,227.246.205.33,50
394,Melany,Zelley,mzelleyax@google.com,Female,86.146.187.8,96
395,Elaine,Wodeland,ewodelanday@google.es,Genderfluid,154.220.72.154,96
396,Elizabet,Faulds,efauldsaz@is.gd,Female,226.102.25.187,50
397,Mirabelle,Colvine,mcolvineb0@squarespace.com,Female,203.29.62.181,80
398,Hedy,Marmon,hmarmonb1@webs.com,Female,46.39.78.245,90
399,Silvio,Banner,sbannerb2@dailymail.co.uk,Male,162.14.125.96,27
400,Trueman,Snooks,tsnooksb3@jiathis.com,Male,42.136.30.162,1
401,Maximilianus,Skeggs,mskeggsb4@techcrunch.com,Male,116.114.232.25,66
402,Dun,Linnock,dlinnockb5@webmd.com,Male,181.193.92.5,21
403,Horten,Rowsel,hrowselb6@a8.net,Male,48.213.84.17,50
404,Leslie,Laboune,llabouneb7@lulu.com,Male,91.41.137.211,1
405,Minnaminnie,Viant,mviantb8@time.com,Female,21.126.181.105,53
406,Claudian,Itzak,citzakb9@squidoo.com,Male,175.136.168.143,65
407,Alfred,Fidgin,afidginba@dagondesign.com,Male,205.52.243.214,82
408,Vina,Lytle,vlytlebb@patch.com,Female,164.63.160.82,90
409,Shelby,Calderon,scalderonbc@ycombinator.com,Female,25.147.140.8,82
410,Danya,McCoughan,dmccoughanbd@reverbnation.com,Male,228.40.87.64,1
411,Hyacinthia,Frend,hfrendbe@feedburner.com,Female,152.121.169.39,64
412,Kipp,Ambrosoli,kambrosolibf@ihg.com,Male,48.103.54.252,32
413,Lisle,McCurdy,lmccurdybg@trellian.com,Male,106.105.17.170,46
414,Maritsa,Annand,mannandbh@businessweek.com,Female,74.220.10.118,8
415,Demetrius,Loughren,dloughrenbi@ftc.gov,Male,221.147.6.5,52
416,Gunther,Semarke,gsemarkebj@ow.ly,Male,225.113.252.119,27
417,Shauna,Simonard,ssimonardbk@wp.com,Female,219.57.118.87,28
418,Dewitt,Derrington,dderringtonbl@biglobe.ne.jp,Polygender,247.102.203.90,99
419,Townsend,Vallantine,tvallantinebm@tamu.edu,Agender,38.174.83.167,58
420,Albrecht,Duprey,adupreybn@state.tx.us,Male,241.108.175.226,27
421,Benedikt,Kadwallider,bkadwalliderbo@naver.com,Male,147.183.197.72,38
422,Toddy,Dalziell,tdalziellbp@icio.us,Male,7.81.83.71,33
423,Raeann,Pally,rpallybq@spotify.com,Female,187.235.51.207,18
424,Anett,Fosken,afoskenbr@marketwatch.com,Female,83.244.252.57,20
425,Corabelle,Goult,cgoultbs@symantec.com,Female,55.241.137.198,30
426,Tommy,Sparkwill,tsparkwillbt@smh.com.au,Male,181.52.23.134,62
427,Concettina,Harland,charlandbu@printfriendly.com,Female,149.121.102.2,53
428,Mia,Lehrer,mlehrerbv@wix.com,Female,2.27.200.81,68
429,Yuri,Tremblett,ytremblettbw@google.fr,Male,162.145.76.217,72
430,Muhammad,Randalston,mrandalstonbx@washington.edu,Male,250.123.231.163,84
431,Farris,Perrins,fperrinsby@creativecommons.org,Male,90.226.252.159,27
432,Blakeley,Riddall,briddallbz@sohu.com,Female,51.174.201.10,82
433,Ingrim,Seint,iseintc0@privacy.gov.au,Male,40.190.2.254,38
434,Rosalind,Cavolini,rcavolinic1@java.com,Female,69.136.145.145,62
435,Charisse,Balaam,cbalaamc2@omniture.com,Female,51.112.20.253,27
436,Marla,Hellsdon,mhellsdonc3@canalblog.com,Female,232.241.200.80,10
437,Myrilla,Baike,mbaikec4@toplist.cz,Female,77.69.1.112,42
438,Naoma,Walles,nwallesc5@dedecms.com,Female,76.186.137.168,45
439,Cybil,Wimbridge,cwimbridgec6@prlog.org,Female,23.61.63.8,65
440,Dex,Carlaw,dcarlawc7@merriam-webster.com,Genderqueer,148.111.34.3,85
441,Flossy,Blune,fblunec8@wsj.com,Female,145.158.181.237,29
442,Eli,Wooffinden,ewooffindenc9@dropbox.com,Male,106.185.99.206,22
443,Sashenka,Willimont,swillimontca@wp.com,Female,171.215.76.181,14
444,Katharine,Puckrin,kpuckrincb@nsw.gov.au,Female,240.193.26.232,4
445,Howie,Lawland,hlawlandcc@xinhuanet.com,Male,129.113.213.254,62
446,Tremain,Eastment,teastmentcd@techcrunch.com,Male,255.46.59.246,97
447,Karlene,McCadden,kmccaddence@linkedin.com,Female,4.58.243.254,92
448,Bonnie,Culwen,bculwencf@ezinearticles.com,Female,241.236.222.236,65
449,Mariam,Jurkowski,mjurkowskicg@businesswire.com,Female,223.45.141.190,47
450,Bibbie,Hamelyn,bhamelynch@usatoday.com,Female,247.52.172.100,71
451,Bruce,Moy,bmoyci@ebay.com,Male,10.111.52.65,58
452,Vicky,Tinwell,vtinwellcj@fema.gov,Female,9.178.17.52,51
453,Vladimir,Everleigh,veverleighck@dell.com,Male,203.10.138.76,36
454,Lyman,McIver,lmcivercl@over-blog.com,Male,115.224.105.69,38
455,Kev,Boxer,kboxercm@technorati.com,Male,120.65.216.122,37
456,Gilberto,Dougan,gdougancn@mozilla.com,Male,106.225.108.3,23
457,Ianthe,Jewel,ijewelco@addtoany.com,Female,225.182.51.54,45
458,Giffie,Proschek,gproschekcp@delicious.com,Male,242.186.242.120,88
459,Armstrong,Ewles,aewlescq@google.es,Male,178.172.135.80,30
460,Kordula,Grand,kgrandcr@msu.edu,Female,206.96.25.230,67
461,Willie,Murray,wmurraycs@bluehost.com,Male,143.226.8.222,37
462,Lurline,De Malchar,ldemalcharct@prlog.org,Female,83.234.240.72,97
463,De witt,Marfell,dmarfellcu@bravesites.com,Genderfluid,29.84.142.201,31
464,Camey,Vasyutichev,cvasyutichevcv@state.tx.us,Male,2.54.186.207,80
465,Jillayne,Dillingstone,jdillingstonecw@youtube.com,Female,40.32.197.195,2
466,Burnard,Vardon,bvardoncx@usda.gov,Male,162.230.197.249,54
467,Alexandro,Angric,aangriccy@msn.com,Male,58.8.219.187,10
468,Flin,Leeves,fleevescz@europa.eu,Male,113.52.93.20,42
469,Esta,Dale,edaled0@howstuffworks.com,Female,80.170.76.221,13
470,Ellsworth,Ondricek,eondricekd1@craigslist.org,Male,90.31.109.172,7
471,Judah,Ingley,jingleyd2@usnews.com,Male,121.253.168.231,88
472,Abbie,Galland,agallandd3@usa.gov,Female,83.105.215.74,20
473,Rudd,Perfili,rperfilid4@ftc.gov,Male,137.228.230.33,37
474,Zared,Lynett,zlynettd5@ftc.gov,Male,146.201.124.76,35
475,Ealasaid,Solley,esolleyd6@storify.com,Female,32.80.151.117,78
476,Esteban,Bewicke,ebewicked7@google.fr,Male,129.208.255.76,55
477,Godfree,Grzesiewicz,ggrzesiewiczd8@vk.com,Male,140.216.241.179,34
478,Carena,Myton,cmytond9@weibo.com,Non-binary,192.111.31.56,87
479,Jeanne,Rooper,jrooperda@businesswire.com,Non-binary,64.113.122.31,89
480,Fowler,Moar,fmoardb@jimdo.com,Male,34.137.190.85,69
481,Karlan,Obal,kobaldc@hexun.com,Male,171.209.243.16,34
482,Reinold,McLeoid,rmcleoiddd@paypal.com,Male,39.56.184.51,3
483,Sheryl,Brambley,sbrambleyde@bluehost.com,Female,53.168.152.72,83
484,Jeni,Mulderrig,jmulderrigdf@naver.com,Female,81.59.169.171,48
485,Harland,O'Fergus,hofergusdg@1und1.de,Male,78.222.175.190,43
486,Margi,Anthill,manthilldh@forbes.com,Female,85.220.39.205,12
487,Griz,Kubec,gkubecdi@webeden.co.uk,Male,72.69.132.145,8
488,Lilllie,Newsome,lnewsomedj@europa.eu,Female,123.32.81.224,89
489,Brant,Whickman,bwhickmandk@geocities.jp,Male,86.166.165.66,91
490,Cecilius,McConnachie,cmcconnachiedl@washington.edu,Male,62.239.186.107,85
491,Carmita,Le Noir,clenoirdm@ebay.co.uk,Female,67.210.200.179,56
492,Lynnea,Kristof,lkristofdn@weibo.com,Non-binary,30.255.42.45,49
493,Bear,Pfeffel,bpfeffeldo@howstuffworks.com,Male,101.96.171.46,50
494,Gisela,Bes,gbesdp@nsw.gov.au,Female,84.195.74.93,67
495,Wang,Tolchard,wtolcharddq@boston.com,Male,255.201.177.38,44
496,Tallie,Whatling,twhatlingdr@t.co,Polygender,233.242.67.44,30
497,Susy,Kingescot,skingescotds@indiatimes.com,Female,175.34.73.65,83
498,Ilysa,Duckett,iduckettdt@epa.gov,Female,123.214.140.247,80
499,Krishna,Wainman,kwainmandu@aol.com,Male,187.159.242.162,98
500,Nikki,Steers,nsteersdv@feedburner.com,Genderqueer,88.246.158.166,24
501,Gleda,Eagle,geagledw@eepurl.com,Genderfluid,140.221.239.207,85
502,Ethel,Trevaskus,etrevaskusdx@newsvine.com,Female,72.104.34.128,75
503,Oralee,Kidwell,okidwelldy@mtv.com,Female,98.36.94.205,49
504,Mechelle,Fordyce,mfordycedz@bigcartel.com,Female,123.53.48.120,76
505,Carolin,Strother,cstrothere0@msu.edu,Female,130.202.150.92,89
506,Fleurette,Ledwith,fledwithe1@slashdot.org,Genderqueer,6.185.234.84,65
507,Paulina,Bage,pbagee2@i2i.jp,Female,40.222.68.56,55
508,Ferne,Tinghill,ftinghille3@ebay.co.uk,Genderqueer,140.83.73.233,89
509,Cirillo,Howis,chowise4@businessweek.com,Male,142.23.57.110,21
510,Cathi,Lambdean,clambdeane5@engadget.com,Agender,117.228.35.129,59
511,Mohandas,Teesdale,mteesdalee6@com.com,Male,63.101.54.77,49
512,Elwira,Veschambre,eveschambree7@wisc.edu,Female,37.158.205.250,28
513,Cody,Rustedge,crustedgee8@ted.com,Male,241.242.226.157,17
514,Brandie,Rivenzon,brivenzone9@cpanel.net,Agender,159.48.159.44,67
515,Cedric,Berre,cberreea@bbc.co.uk,Male,7.12.38.142,98
516,Devy,Fleetham,dfleethameb@hao123.com,Male,233.175.75.83,65
517,Antonietta,Peyto,apeytoec@newyorker.com,Female,170.101.62.251,20
518,Pall,Janc,pjanced@t-online.de,Male,234.141.81.174,70
519,Gilda,Pinck,gpinckee@phpbb.com,Bigender,129.212.186.233,20
520,Gottfried,Ladson,gladsonef@dailymotion.com,Male,46.120.253.44,58
521,Ketti,Odam,kodameg@slate.com,Female,113.180.136.165,12
522,Gigi,Apps,gappseh@toplist.cz,Female,197.144.127.79,33
523,Xylina,Lorrie,xlorrieei@utexas.edu,Female,77.110.224.143,55
524,Guenna,Keelan,gkeelanej@marketwatch.com,Female,212.98.131.58,76
525,Daile,Hedditch,dhedditchek@pagesperso-orange.fr,Female,62.86.15.134,22
526,Gertrud,Gowman,ggowmanel@whitehouse.gov,Female,201.121.55.64,73
527,Orin,Anthes,oanthesem@vistaprint.com,Male,235.230.44.43,26
528,Elnar,Kieff,ekieffen@biglobe.ne.jp,Genderqueer,107.110.47.255,3
529,Virgie,Stephens,vstephenseo@comsenz.com,Female,123.28.238.40,83
530,Johnath,Lambourn,jlambournep@utexas.edu,Female,19.225.85.55,63
531,My,Kenna,mkennaeq@usa.gov,Male,237.111.220.90,71
532,Reagen,Beaglehole,rbeagleholeer@bloomberg.com,Male,210.224.21.193,66
533,Walker,Soame,wsoamees@discovery.com,Male,2.211.76.41,65
534,Vincent,Iacovini,viacoviniet@tripod.com,Male,255.233.90.22,95
535,Torrence,Fante,tfanteeu@rambler.ru,Male,61.67.2.161,26
536,Annora,Boni,aboniev@msn.com,Female,118.168.30.233,10
537,Ramsay,Banaszczyk,rbanaszczykew@delicious.com,Male,115.182.101.220,86
538,Llywellyn,Grizard,lgrizardex@nsw.gov.au,Male,39.15.227.20,45
539,Hyacintha,Barday,hbardayey@alibaba.com,Polygender,6.31.212.208,61
540,Beilul,Holttom,bholttomez@nature.com,Female,7.74.85.18,13
541,Sigfried,Armiger,sarmigerf0@chicagotribune.com,Male,226.149.192.225,80
542,Nancy,Minguet,nminguetf1@tamu.edu,Genderfluid,112.31.232.247,80
543,Berkley,Hearnah,bhearnahf2@nydailynews.com,Male,64.87.56.135,4
544,Derby,De Goey,ddegoeyf3@seesaa.net,Male,60.192.127.189,83
545,Ansell,Job,ajobf4@arizona.edu,Male,74.69.203.140,30
546,Nissa,Lydden,nlyddenf5@surveymonkey.com,Female,187.231.183.148,26
547,Lek,Finlow,lfinlowf6@studiopress.com,Male,124.87.171.50,73
548,Eli,McCrow,emccrowf7@paypal.com,Male,104.126.34.164,89
549,Packston,Demangel,pdemangelf8@paginegialle.it,Male,147.224.206.75,28
550,Cassie,Ackrill,cackrillf9@msu.edu,Female,106.191.169.254,7
551,Desi,O'Hickee,dohickeefa@youku.com,Male,61.20.255.173,26
552,Devin,Canti,dcantifb@hibu.com,Male,74.50.114.217,65
553,Sky,Garaway,sgarawayfc@hao123.com,Non-binary,158.202.123.135,41
554,Dav,MacInnes,dmacinnesfd@mlb.com,Male,16.64.102.196,89
555,Rowney,Note,rnotefe@reverbnation.com,Male,131.158.35.127,89
556,Deena,McDaid,dmcdaidff@ning.com,Female,53.115.105.78,16
557,Brandice,Osant,bosantfg@cafepress.com,Female,120.164.141.67,48
558,Brittany,McNaughton,bmcnaughtonfh@hhs.gov,Female,135.52.38.105,17
559,Brianne,Wards,bwardsfi@wordpress.com,Female,97.69.38.246,55
560,Theo,Tosh,ttoshfj@theglobeandmail.com,Male,130.58.120.231,21
561,Yasmeen,Braddon,ybraddonfk@dyndns.org,Female,149.21.129.218,76
562,Chastity,Willan,cwillanfl@sourceforge.net,Female,161.236.76.128,91
563,Candy,Brandrick,cbrandrickfm@jigsy.com,Female,121.77.101.118,59
564,Raye,Poinsett,rpoinsettfn@loc.gov,Female,23.4.20.88,37
565,Thedrick,Fasse,tfassefo@4shared.com,Male,227.248.151.73,1
566,Vyky,Airs,vairsfp@reuters.com,Female,74.174.67.61,63
567,Ardath,Afonso,aafonsofq@meetup.com,Female,9.35.138.216,79
568,Richard,Busfield,rbusfieldfr@arstechnica.com,Male,79.194.15.229,48
569,Ernie,Arpe,earpefs@cnbc.com,Male,154.72.170.40,39
570,Nollie,Kearle,nkearleft@t-online.de,Male,83.208.179.31,80
571,Olenolin,Pretor,opretorfu@ihg.com,Male,58.20.166.142,56
572,Krispin,Lillistone,klillistonefv@soundcloud.com,Male,85.123.175.109,23
573,Sophia,Van den Dael,svandendaelfw@woothemes.com,Female,128.109.160.239,73
574,Cordy,Lune,clunefx@umich.edu,Male,150.25.164.182,90
575,Fawn,Maddy,fmaddyfy@howstuffworks.com,Female,214.93.156.64,65
576,Darcy,Domeney,ddomeneyfz@theguardian.com,Male,29.184.96.115,28
577,Stace,Passmore,spassmoreg0@free.fr,Female,72.105.170.180,15
578,Coralie,Childs,cchildsg1@vimeo.com,Female,99.208.154.157,69
579,Elsa,Bebbington,ebebbingtong2@businesswire.com,Female,211.47.231.27,54
580,Bryna,Zammett,bzammettg3@macromedia.com,Female,30.104.62.61,94
581,Karyl,Kliche,kklicheg4@bloglines.com,Female,125.24.44.152,47
582,Dasha,Luebbert,dluebbertg5@statcounter.com,Female,255.5.190.79,4
583,Nanete,Bruckstein,nbrucksteing6@seesaa.net,Female,215.246.156.245,80
584,Nessa,O'Lunney,nolunneyg7@ebay.co.uk,Female,129.167.246.18,16
585,Dave,Merrisson,dmerrissong8@gizmodo.com,Male,182.112.115.69,36
586,Finlay,Walling,fwallingg9@fastcompany.com,Male,180.200.214.85,73
587,Regan,Davydkov,rdavydkovga@simplemachines.org,Male,86.9.70.210,81
588,Patrizia,Jobbings,pjobbingsgb@addtoany.com,Female,249.23.243.7,73
589,Cass,Debell,cdebellgc@people.com.cn,Male,77.25.205.71,49
590,Marion,Klicher,mklichergd@xinhuanet.com,Male,9.113.50.75,43
591,Johnathon,Sellen,jsellenge@ibm.com,Male,191.89.106.141,24
592,Anny,Bannister,abannistergf@skype.com,Female,48.228.185.168,12
593,Eduino,Fice,eficegg@cam.ac.uk,Male,25.252.120.57,41
594,Bartram,Healks,bhealksgh@mail.ru,Male,120.254.1.53,74
595,Myrtie,MacAllen,mmacallengi@washingtonpost.com,Female,115.121.62.152,74
596,Cariotta,Mathevet,cmathevetgj@canalblog.com,Female,174.30.185.196,14
597,Asia,Jordon,ajordongk@java.com,Female,26.173.200.202,85
598,Raymond,Phizacklea,rphizackleagl@europa.eu,Male,32.189.102.21,24
599,Sue,Prover,sprovergm@163.com,Bigender,179.218.191.223,100
600,Jerrie,Cheshire,jcheshiregn@baidu.com,Female,187.227.10.188,41
601,Erina,Jelk,ejelkgo@chicagotribune.com,Female,101.59.239.225,30
602,Walker,Brafferton,wbraffertongp@sfgate.com,Male,179.185.21.140,43
603,Lenee,De Biasio,ldebiasiogq@i2i.jp,Female,142.168.205.248,56
604,Demetris,Pawelczyk,dpawelczykgr@ihg.com,Male,29.37.246.141,44
605,Kerby,Ascrofte,kascroftegs@exblog.jp,Male,155.141.255.224,37
606,Johnath,McIlmorow,jmcilmorowgt@sina.com.cn,Female,253.37.152.245,46
607,Rebecca,Yuille,ryuillegu@sitemeter.com,Female,120.64.236.197,49
608,Averell,Beernaert,abeernaertgv@foxnews.com,Male,41.246.71.23,35
609,Ennis,Croce,ecrocegw@qq.com,Male,140.6.137.237,25
610,Colette,Simpkin,csimpkingx@scribd.com,Female,255.53.48.210,76
611,Pietro,Zanelli,pzanelligy@chron.com,Male,224.152.53.250,44
612,Rickie,De Moreno,rdemorenogz@harvard.edu,Polygender,229.140.176.216,92
613,Allegra,Stinson,astinsonh0@csmonitor.com,Non-binary,247.78.16.216,18
614,Koral,Ribou,kribouh1@lulu.com,Female,205.131.14.103,39
615,Merrile,Chick,mchickh2@bloomberg.com,Female,72.203.123.77,32
616,Gun,Shaddock,gshaddockh3@nifty.com,Male,80.200.245.127,87
617,Natala,Knapman,nknapmanh4@wisc.edu,Female,128.137.203.223,22
618,Druci,Yarmouth,dyarmouthh5@harvard.edu,Female,252.171.164.54,9
619,Valentin,Fittall,vfittallh6@ehow.com,Genderfluid,54.30.214.186,12
620,Holt,Wrathall,hwrathallh7@cisco.com,Male,71.156.229.17,19
621,Nathanial,Nuschke,nnuschkeh8@google.ru,Male,197.203.208.184,30
622,Base,Haggett,bhaggetth9@google.it,Male,136.218.34.248,93
623,Jase,Sooley,jsooleyha@webs.com,Male,147.147.28.115,42
624,Cati,Lathey,clatheyhb@tamu.edu,Female,219.170.8.243,4
625,Thatcher,Strettle,tstrettlehc@sakura.ne.jp,Male,218.229.124.203,30
626,Isiahi,Britian,ibritianhd@buzzfeed.com,Male,218.133.159.253,5
627,Brad,Gavaran,bgavaranhe@dion.ne.jp,Male,139.138.79.61,62
628,Estele,Haslegrave,ehaslegravehf@miitbeian.gov.cn,Female,238.226.71.8,29
629,Kial,Achrameev,kachrameevhg@hp.com,Female,93.71.15.253,54
630,Cosme,Labram,clabramhh@google.pl,Male,30.54.215.113,22
631,Myrvyn,Thulborn,mthulbornhi@example.com,Male,252.139.222.51,29
632,Guenevere,Ferrarini,gferrarinihj@eventbrite.com,Female,29.187.76.156,40
633,Dorris,Ghiraldi,dghiraldihk@arizona.edu,Female,253.153.176.250,90
634,Feodora,Gommery,fgommeryhl@umn.edu,Female,38.14.131.230,16
635,Cami,Poulglais,cpoulglaishm@ca.gov,Female,53.159.231.10,63
636,Morten,Chestnut,mchestnuthn@mapquest.com,Male,61.222.97.91,92
637,Chaddy,Hannay,channayho@devhub.com,Male,89.78.183.219,55
638,Joseph,Dellenbach,jdellenbachhp@bizjournals.com,Male,49.21.137.29,67
639,Frasier,Swash,fswashhq@admin.ch,Male,1.181.231.47,1
640,Juditha,Arch,jarchhr@cam.ac.uk,Female,125.207.50.50,73
641,Robert,Brinicombe,rbrinicombehs@auda.org.au,Male,70.70.218.160,11
642,Clerc,Kuhl,ckuhlht@plala.or.jp,Male,101.61.16.229,80
643,Rorie,Wildin,rwildinhu@geocities.com,Female,164.32.130.251,55
644,Christian,Gallamore,cgallamorehv@amazon.co.jp,Female,22.175.176.227,94
645,Sibbie,Dakhov,sdakhovhw@europa.eu,Female,173.33.246.244,12
646,Devinne,Colecrough,dcolecroughhx@constantcontact.com,Bigender,201.234.150.36,29
647,Olin,Lowing,olowinghy@cpanel.net,Agender,99.192.113.157,55
648,Fulton,Bartunek,fbartunekhz@canalblog.com,Male,16.154.49.192,86
649,Spike,Hassell,shasselli0@businessweek.com,Male,240.73.80.105,11
650,Pinchas,Lyte,plytei1@comsenz.com,Male,67.185.12.156,13
651,Brady,Dutnell,bdutnelli2@techcrunch.com,Male,67.119.109.55,87
652,Karl,Kinchlea,kkinchleai3@guardian.co.uk,Male,132.91.180.86,54
653,Cleopatra,Joynt,cjoynti4@cafepress.com,Female,37.221.248.3,7
654,Jannel,O'Rodane,jorodanei5@apache.org,Female,187.35.171.6,59
655,Jaimie,Leetham,jleethami6@vimeo.com,Male,25.31.64.19,52
656,Gertie,Hakes,ghakesi7@canalblog.com,Female,27.137.154.20,44
657,Ariella,Twizell,atwizelli8@fastcompany.com,Female,19.61.253.31,10
658,Veradis,Grovier,vgrovieri9@msn.com,Female,172.133.128.251,8
659,Meg,Oddey,moddeyia@alibaba.com,Polygender,212.211.189.1,64
660,Stacey,Farleigh,sfarleighib@webmd.com,Female,124.141.67.47,17
661,Jelene,Alten,jaltenic@mozilla.com,Genderfluid,220.20.136.169,74
662,Prudy,Greenside,pgreensideid@newsvine.com,Female,168.83.229.10,36
663,Garald,Teall,gteallie@ustream.tv,Genderfluid,4.98.215.61,55
664,Dianemarie,Sallery,dsalleryif@cdc.gov,Female,40.231.165.246,13
665,Phineas,Burnet,pburnetig@infoseek.co.jp,Male,25.229.50.160,43
666,Delora,Roller,drollerih@parallels.com,Female,23.105.46.78,47
667,Kelli,Cheek,kcheekii@dropbox.com,Female,194.60.31.131,96
668,Clayborn,Josham,cjoshamij@soundcloud.com,Male,81.216.54.111,6
669,Leslie,Labbet,llabbetik@themeforest.net,Male,95.118.63.26,40
670,Arri,Haster,ahasteril@mozilla.com,Male,1.134.199.66,9
671,Irvine,Spinley,ispinleyim@simplemachines.org,Male,60.78.251.190,22
672,Annabal,Symondson,asymondsonin@sun.com,Female,230.33.221.173,16
673,Lenka,Thiolier,lthiolierio@abc.net.au,Female,88.9.10.158,26
674,Delainey,Gofton,dgoftonip@apple.com,Male,136.106.92.244,19
675,Valery,Titmuss,vtitmussiq@va.gov,Female,18.217.121.165,77
676,Arte,Gauvin,agauvinir@elpais.com,Male,114.127.163.66,43
677,Lyndsey,Edmonson,ledmonsonis@state.tx.us,Female,81.6.161.22,42
678,Lammond,Ings,lingsit@spotify.com,Male,166.41.248.105,9
679,Briny,McCallister,bmccallisteriu@storify.com,Female,75.199.152.144,62
680,Willie,Hegdonne,whegdonneiv@squarespace.com,Female,124.141.0.198,84
681,Keefer,Curcher,kcurcheriw@irs.gov,Male,114.140.115.70,71
682,Jayme,Kynson,jkynsonix@odnoklassniki.ru,Female,217.88.1.164,21
683,Cheslie,Pavese,cpaveseiy@sphinn.com,Female,35.101.44.123,13
684,Cazzie,Rosborough,crosboroughiz@xrea.com,Male,168.214.100.210,17
685,Eugene,Moreman,emoremanj0@acquirethisname.com,Genderfluid,93.171.153.166,26
686,Hedwiga,Nisco,hniscoj1@youku.com,Genderqueer,11.92.95.178,34
687,Rina,Lawrinson,rlawrinsonj2@mozilla.com,Female,91.221.98.138,60
688,Leontine,Beneyto,lbeneytoj3@kickstarter.com,Female,89.107.152.161,1
689,Bevan,Badby,bbadbyj4@va.gov,Male,191.53.223.131,81
690,Kelcy,Kwiek,kkwiekj5@edublogs.org,Female,83.17.164.26,50
691,Levin,Pelerin,lpelerinj6@friendfeed.com,Male,90.45.147.149,41
692,Abel,Hiorn,ahiornj7@amazon.co.uk,Male,94.112.216.13,47
693,Seymour,Askam,saskamj8@dailymotion.com,Male,79.205.13.41,25
694,Joane,Vecard,jvecardj9@jimdo.com,Female,55.24.148.128,88
695,Cassy,Crossman,ccrossmanja@discuz.net,Female,105.49.39.246,13
696,Wake,Dryden,wdrydenjb@cnn.com,Male,45.31.174.114,4
697,Gui,Haddrill,ghaddrilljc@mashable.com,Female,133.187.203.109,26
698,Benedict,Pietrowicz,bpietrowiczjd@blogger.com,Male,103.186.207.27,10
699,Stesha,Clementucci,sclementuccije@prlog.org,Female,144.156.52.73,60
700,Anders,Lapthorne,alapthornejf@histats.com,Polygender,195.64.65.89,96
701,Millicent,Klein,mkleinjg@webnode.com,Female,23.156.108.226,32
702,Colby,Lensch,clenschjh@jigsy.com,Male,177.65.231.89,43
703,Zach,Duck,zduckji@irs.gov,Genderqueer,186.253.44.100,7
704,Tristam,Redman,tredmanjj@narod.ru,Male,100.73.64.104,33
705,Sarajane,Bowshire,sbowshirejk@noaa.gov,Female,195.20.3.66,79
706,Nev,Belch,nbelchjl@booking.com,Male,50.125.36.30,57
707,Libbey,Mugg,lmuggjm@multiply.com,Female,250.5.253.9,29
708,Katine,Dregan,kdreganjn@tiny.cc,Female,207.214.87.250,65
709,Rasia,Glennon,rglennonjo@cocolog-nifty.com,Female,84.4.114.85,33
710,Bryna,Domke,bdomkejp@cafepress.com,Female,205.7.181.111,41
711,Zacharia,Eirwin,zeirwinjq@nba.com,Male,92.123.62.70,57
712,Elmore,Carnew,ecarnewjr@unblog.fr,Male,212.182.95.30,39
713,Gerick,Franciotti,gfranciottijs@ibm.com,Male,86.139.107.60,98
714,Ruprecht,Whitsun,rwhitsunjt@lycos.com,Male,137.68.231.188,52
715,Roanna,Gilbank,rgilbankju@epa.gov,Female,141.223.149.7,100
716,Alvinia,Bough,aboughjv@prweb.com,Genderqueer,200.233.189.77,26
717,Mitchael,Seavers,mseaversjw@ca.gov,Male,58.125.125.98,14
718,Kit,Beels,kbeelsjx@paypal.com,Male,137.149.12.17,2
719,Torrence,Bearne,tbearnejy@wix.com,Male,145.167.167.17,47
720,Hervey,Pudan,hpudanjz@github.com,Male,243.15.140.204,51
721,Layne,Plunket,lplunketk0@symantec.com,Female,133.122.131.24,11
722,Gabe,Gladeche,ggladechek1@last.fm,Male,179.0.53.239,1
723,Carver,Vernau,cvernauk2@arizona.edu,Male,111.187.91.99,91
724,Wallis,Besset,wbessetk3@ox.ac.uk,Genderqueer,228.255.35.200,21
725,Mahmud,Kneesha,mkneeshak4@ihg.com,Male,213.111.96.175,51
726,Arlin,Cornbill,acornbillk5@devhub.com,Male,135.56.241.54,90
727,Starlene,Partleton,spartletonk6@wp.com,Female,208.58.119.153,35
728,Shalne,Filippello,sfilippellok7@amazon.co.jp,Genderqueer,135.24.170.153,20
729,Phillipe,Simonnin,psimonnink8@senate.gov,Male,223.175.211.199,77
730,Judie,Silvester,jsilvesterk9@cnn.com,Female,148.137.21.12,11
731,Leena,Brazenor,lbrazenorka@ebay.com,Female,11.227.117.212,71
732,Julee,Hawksworth,jhawksworthkb@amazon.de,Female,219.241.149.228,7
733,Barny,Glashby,bglashbykc@clickbank.net,Male,77.217.165.92,83
734,Avivah,Popple,apopplekd@businessinsider.com,Female,224.16.62.214,31
735,Fawn,Figge,ffiggeke@purevolume.com,Female,139.143.139.247,64
736,Tim,Carous,tcarouskf@elegantthemes.com,Female,124.183.31.36,97
737,Jae,Archell,jarchellkg@irs.gov,Male,104.140.79.1,5
738,Trenton,Hylands,thylandskh@washington.edu,Male,224.24.3.64,14
739,Paton,Waugh,pwaughki@desdev.cn,Bigender,159.51.35.8,88
740,Karney,Capstick,kcapstickkj@ameblo.jp,Male,7.155.11.118,60
741,Joane,Drei,jdreikk@dailymotion.com,Female,30.83.151.48,66
742,Melisandra,Jacklings,mjacklingskl@tamu.edu,Bigender,248.140.165.139,80
743,Marcelo,Ancliffe,mancliffekm@thetimes.co.uk,Male,218.163.221.124,19
744,Mignonne,Sheach,msheachkn@gizmodo.com,Female,216.155.222.170,45
745,Betsey,Kimbley,bkimbleyko@blinklist.com,Female,123.13.93.220,27
746,Anthea,Geary,agearykp@sun.com,Female,191.4.138.228,39
747,Travis,Corre,tcorrekq@redcross.org,Male,24.22.93.139,46
748,Irwin,Simkins,isimkinskr@newyorker.com,Male,221.223.54.167,16
749,Darby,Hefforde,dheffordeks@hao123.com,Male,100.98.63.77,51
750,Gustave,Siflet,gsifletkt@boston.com,Male,139.108.149.56,96
751,Polly,Rookledge,prookledgeku@comcast.net,Agender,43.173.111.221,69
752,Izak,Musico,imusicokv@cyberchimps.com,Male,97.57.42.128,66
753,Pate,Langlois,plangloiskw@slashdot.org,Male,229.148.113.207,46
754,Frayda,MacLucais,fmaclucaiskx@admin.ch,Female,6.129.210.246,3
755,Ofella,Clucas,oclucasky@java.com,Female,227.209.139.207,55
756,Innis,Spadaro,ispadarokz@jalbum.net,Male,114.73.50.246,22
757,Keene,Benedek,kbenedekl0@amazon.com,Male,13.18.84.198,83
758,Tomlin,Shellshear,tshellshearl1@epa.gov,Genderfluid,164.74.191.73,1
759,Ulrikaumeko,Norcock,unorcockl2@ycombinator.com,Female,63.85.252.252,63
760,Beatrice,Chadbourn,bchadbournl3@theguardian.com,Female,32.52.7.135,49
761,Haroun,Shoppee,hshoppeel4@tripod.com,Genderqueer,28.113.109.113,59
762,Stephani,Tewes,stewesl5@yahoo.com,Female,189.60.20.219,98
763,Salaidh,Vaune,svaunel6@nih.gov,Female,3.234.193.200,25
764,Dori,Phripp,dphrippl7@kickstarter.com,Female,38.168.149.55,85
765,Dallas,Underhill,dunderhilll8@indiegogo.com,Female,78.226.232.9,8
766,Raddy,Primett,rprimettl9@census.gov,Genderqueer,41.108.194.169,52
767,Sasha,Wontner,swontnerla@google.com,Male,90.74.226.45,82
768,Gilberto,Hierro,ghierrolb@scribd.com,Male,64.124.133.232,42
769,Chane,Yukhnevich,cyukhnevichlc@photobucket.com,Male,38.54.91.184,27
770,Wynn,Sames,wsamesld@independent.co.uk,Female,203.56.225.33,20
771,Arielle,Rickcord,arickcordle@shutterfly.com,Female,52.81.55.40,16
772,Trixi,Collumbine,tcollumbinelf@dyndns.org,Female,79.146.176.128,40
773,Adriana,Suthren,asuthrenlg@fema.gov,Female,66.50.219.205,30
774,Sutherland,Verchambre,sverchambrelh@devhub.com,Male,96.13.234.73,86
775,Jilli,Hansard,jhansardli@google.co.uk,Female,241.142.115.227,8
776,Halsey,Kirkwood,hkirkwoodlj@dmoz.org,Male,61.60.100.61,51
777,Alika,Couling,acoulinglk@macromedia.com,Female,79.98.186.249,29
778,Fletcher,O'Donnelly,fodonnellyll@ebay.com,Male,69.50.90.175,10
779,Hy,Viney,hvineylm@senate.gov,Male,103.192.130.102,53
780,Chlo,Witcher,cwitcherln@cbslocal.com,Female,72.226.64.111,78
781,Jonie,Antonognoli,jantonognolilo@cyberchimps.com,Female,51.75.141.48,2
782,Ryon,Hadingham,rhadinghamlp@reddit.com,Male,162.182.9.238,25
783,Constantine,Yanshinov,cyanshinovlq@hibu.com,Male,91.91.149.98,5
784,Norbie,Ruegg,nruegglr@mozilla.com,Male,118.47.180.184,58
785,Griffith,Isles,gislesls@wikia.com,Male,156.216.239.90,52
786,Virgina,Ipgrave,vipgravelt@odnoklassniki.ru,Female,226.225.85.69,58
787,Tisha,Droogan,tdrooganlu@so-net.ne.jp,Female,31.24.205.83,36
788,Nadia,Circuitt,ncircuittlv@upenn.edu,Bigender,37.18.191.216,33
789,Claribel,Pietzker,cpietzkerlw@mac.com,Female,151.168.57.162,22
790,Aggy,Dot,adotlx@live.com,Female,1.212.221.246,24
791,Burl,Murname,bmurnamely@ycombinator.com,Male,237.115.146.233,51
792,Deloris,Woodruff,dwoodrufflz@google.fr,Female,188.126.4.169,89
793,Scotti,Volette,svolettem0@vimeo.com,Male,141.243.15.99,17
794,Ford,Errington,ferringtonm1@home.pl,Male,88.236.89.53,22
795,Cori,Mullord,cmullordm2@nature.com,Male,149.151.148.211,44
796,Juana,Lamswood,jlamswoodm3@cloudflare.com,Female,185.136.75.241,97
797,Lorne,Ancliffe,lancliffem4@ucsd.edu,Male,72.201.19.131,18
798,Zane,Awty,zawtym5@jigsy.com,Male,147.232.40.125,87
799,Koren,Alessandrucci,kalessandruccim6@deliciousdays.com,Female,228.147.104.192,91
800,Ricoriki,Doud,rdoudm7@w3.org,Male,64.74.90.117,13
801,Flinn,Vedeneev,fvedeneevm8@archive.org,Male,111.83.104.18,65
802,Shanta,Farguhar,sfarguharm9@deliciousdays.com,Female,64.234.243.36,26
803,Tamera,Arlidge,tarlidgema@omniture.com,Female,203.46.187.104,36
804,Vikky,Ginman,vginmanmb@harvard.edu,Agender,11.94.173.224,58
805,Waylin,Beller,wbellermc@360.cn,Male,9.150.118.228,32
806,Quintina,Duding,qdudingmd@mozilla.org,Female,132.206.60.193,20
807,Daffi,Camilio,dcamiliome@ow.ly,Female,198.63.219.34,79
808,Symon,Tift,stiftmf@ehow.com,Polygender,49.85.187.33,80
809,Grant,Ollivierre,gollivierremg@g.co,Male,197.187.139.239,59
810,Vevay,Spraggon,vspraggonmh@gov.uk,Female,157.83.238.26,68
811,De witt,Geater,dgeatermi@so-net.ne.jp,Male,90.139.228.83,72
812,Thain,Crome,tcromemj@surveymonkey.com,Male,103.20.198.249,38
813,Louie,Overpool,loverpoolmk@ibm.com,Male,235.95.17.131,58
814,Bendite,Torricina,btorricinaml@disqus.com,Female,29.197.64.32,64
815,Jessy,Bucke,jbuckemm@cnbc.com,Agender,249.225.243.138,38
816,Edwin,Praten,epratenmn@phoca.cz,Male,175.194.86.35,60
817,Cece,Postlewhite,cpostlewhitemo@oracle.com,Male,91.81.61.252,30
818,Lotta,Radband,lradbandmp@cnbc.com,Agender,48.55.56.110,31
819,Galen,Gammack,ggammackmq@ed.gov,Male,95.227.128.128,10
820,Domenico,Anthes,danthesmr@newyorker.com,Male,91.92.206.12,63
821,Franny,Gissop,fgissopms@fc2.com,Male,84.221.163.94,88
822,Gisele,Cheesley,gcheesleymt@netlog.com,Female,255.23.230.139,99
823,Brennan,Jeannard,bjeannardmu@a8.net,Male,4.17.81.96,24
824,Granger,Reboulet,grebouletmv@tinypic.com,Male,238.2.32.238,38
825,Ivan,Cadwallader,icadwalladermw@ebay.co.uk,Male,61.51.86.79,38
826,Marketa,McCaffrey,mmccaffreymx@homestead.com,Female,84.96.86.155,43
827,Jocelyne,Gabby,jgabbymy@live.com,Female,55.106.90.89,35
828,Pearline,Gentle,pgentlemz@theglobeandmail.com,Female,1.248.180.97,74
829,Cosette,Jobbing,cjobbingn0@1688.com,Female,123.3.10.133,14
830,Ricca,Wadley,rwadleyn1@livejournal.com,Female,92.15.234.250,64
831,Genni,Muir,gmuirn2@ed.gov,Female,64.57.39.46,48
832,Rory,Bebb,rbebbn3@bigcartel.com,Non-binary,152.193.15.176,7
833,Conny,Germain,cgermainn4@cnet.com,Male,93.148.186.42,93
834,Marcy,Weare,mwearen5@mapquest.com,Female,205.102.23.123,52
835,Margalit,Bome,mbomen6@newsvine.com,Female,178.243.38.60,75
836,Cristobal,Ficken,cfickenn7@livejournal.com,Male,227.119.160.170,67
837,Cyril,Bellward,cbellwardn8@indiatimes.com,Male,2.14.246.160,70
838,Anabel,Leece,aleecen9@pcworld.com,Female,220.198.150.197,35
839,Yehudit,Micklem,ymicklemna@taobao.com,Male,200.6.58.130,87
840,Rana,Geelan,rgeelannb@google.com,Female,4.5.179.144,7
841,Grace,O'Dogherty,godoghertync@cargocollective.com,Male,219.196.231.238,41
842,Tandi,Aitkenhead,taitkenheadnd@pbs.org,Genderfluid,175.177.82.161,54
843,Colin,Ludgrove,cludgrovene@hostgator.com,Male,236.209.100.168,49
844,Gottfried,Lernihan,glernihannf@bluehost.com,Male,182.196.216.80,21
845,Drew,Halliberton,dhallibertonng@parallels.com,Male,161.137.16.180,37
846,Mata,Haydock,mhaydocknh@amazon.com,Male,1.202.215.230,34
847,Kalle,Northcote,knorthcoteni@google.ru,Male,242.232.66.74,85
848,Pedro,Lucas,plucasnj@instagram.com,Male,175.123.95.15,90
849,Freedman,Stuck,fstucknk@unc.edu,Male,111.58.41.243,58
850,Elissa,Readings,ereadingsnl@buzzfeed.com,Female,176.70.233.7,30
851,Kristos,Salkeld,ksalkeldnm@example.com,Male,77.199.202.173,29
852,Adolphus,Zisneros,azisnerosnn@aboutads.info,Male,221.52.178.183,49
853,Brigitta,Dannel,bdannelno@nytimes.com,Female,233.74.123.244,75
854,Portia,Braisted,pbraistednp@techcrunch.com,Female,130.37.116.177,96
855,Sissie,Cordeux,scordeuxnq@themeforest.net,Female,124.235.230.1,73
856,Cedric,Barnhart,cbarnhartnr@smugmug.com,Male,183.94.11.24,40
857,Winne,Delamar,wdelamarns@istockphoto.com,Female,51.110.223.198,28
858,Frans,Balk,fbalknt@dailymotion.com,Male,234.85.108.244,18
859,Jemmy,Freemantle,jfreemantlenu@macromedia.com,Female,147.38.45.114,41
860,Patrizio,Lafond,plafondnv@ed.gov,Male,116.214.20.27,31
861,Vladimir,Extence,vextencenw@edublogs.org,Male,206.147.228.178,10
862,Damon,McGrady,dmcgradynx@nytimes.com,Male,19.244.198.182,63
863,Kathie,Bauduin,kbauduinny@columbia.edu,Female,182.0.68.1,3
864,Willey,Pic,wpicnz@disqus.com,Male,255.106.66.42,30
865,Goober,Murdy,gmurdyo0@wikia.com,Male,116.221.7.5,40
866,Cullie,Barneville,cbarnevilleo1@elegantthemes.com,Male,194.212.26.31,38
867,Merilee,Hischke,mhischkeo2@amazon.co.jp,Female,5.134.124.86,37
868,Nariko,Toderbrugge,ntoderbruggeo3@de.vu,Female,145.222.207.253,25
869,Olivier,Fleetwood,ofleetwoodo4@shop-pro.jp,Male,154.209.15.54,46
870,Raphaela,Dallander,rdallandero5@bandcamp.com,Female,217.163.129.222,82
871,Thoma,Ilyushkin,tilyushkino6@intel.com,Male,92.44.198.72,71
872,Celka,Tungate,ctungateo7@qq.com,Female,67.210.69.149,43
873,Andrea,Rubinowicz,arubinowiczo8@buzzfeed.com,Female,214.151.105.22,33
874,Patrice,Angier,pangiero9@canalblog.com,Female,181.248.227.132,28
875,Terrence,Laird,tlairdoa@list-manage.com,Male,211.159.75.33,57
876,Carmine,Hathorn,chathornob@apple.com,Male,164.88.84.216,49
877,Prissie,Presdie,ppresdieoc@sakura.ne.jp,Female,134.197.220.247,43
878,Jerrylee,Osorio,josoriood@businessinsider.com,Female,192.210.45.76,98
879,Gretchen,Parsand,gparsandoe@skype.com,Female,117.95.132.224,19
880,Floria,Stollery,fstolleryof@apple.com,Non-binary,76.127.132.208,19
881,Damara,Shalliker,dshallikerog@trellian.com,Female,106.22.38.35,70
882,Berenice,Orlton,borltonoh@psu.edu,Female,45.239.68.206,38
883,Mimi,Hebner,mhebneroi@woothemes.com,Female,21.227.21.83,43
884,Isaiah,Anwyl,ianwyloj@tuttocitta.it,Genderqueer,105.187.164.27,83
885,Natty,Sibbons,nsibbonsok@vistaprint.com,Male,220.120.86.189,43
886,Marni,Spanswick,mspanswickol@businessinsider.com,Female,128.213.142.182,89
887,Dukie,Corsor,dcorsorom@seesaa.net,Male,231.142.77.211,40
888,Karia,Annand,kannandon@mediafire.com,Female,179.83.213.141,30
889,Engelbert,Doogan,edooganoo@telegraph.co.uk,Male,210.236.209.112,12
890,Xenia,Swindin,xswindinop@businessinsider.com,Female,215.65.178.212,10
891,Kylila,Idill,kidilloq@mtv.com,Female,119.242.60.93,17
892,Tanya,Leuren,tleurenor@amazon.com,Female,66.152.207.77,9
893,Charyl,O'Heyne,coheyneos@people.com.cn,Female,34.174.80.121,62
894,Daffi,Rampage,drampageot@taobao.com,Female,115.82.124.101,59
895,Vinny,Leale,vlealeou@google.com.br,Female,154.79.178.1,21
896,Job,Butlin,jbutlinov@sakura.ne.jp,Male,225.217.127.187,51
897,Mab,Chainey,mchaineyow@jugem.jp,Female,196.242.241.198,58
898,Ginny,Merrisson,gmerrissonox@si.edu,Female,97.178.162.11,15
899,Xenos,Bodega,xbodegaoy@php.net,Male,217.86.245.186,6
900,Burton,Hankin,bhankinoz@noaa.gov,Male,16.214.178.196,80
901,Boigie,Willshire,bwillshirep0@ucla.edu,Male,26.99.174.58,5
902,Madalyn,Corse,mcorsep1@eventbrite.com,Female,84.133.0.62,39
903,Ruby,Bodicum,rbodicump2@sakura.ne.jp,Female,196.37.139.30,50
904,Waiter,Lorriman,wlorrimanp3@liveinternet.ru,Male,164.210.45.86,75
905,Jack,Turneaux,jturneauxp4@eventbrite.com,Male,70.112.35.135,22
906,Merle,Neeson,mneesonp5@statcounter.com,Female,95.206.190.209,4
907,Kendal,Kerner,kkernerp6@telegraph.co.uk,Male,162.255.130.12,20
908,Gusella,Penquet,gpenquetp7@mac.com,Female,113.93.239.225,30
909,Marina,Lillywhite,mlillywhitep8@aol.com,Female,24.58.155.240,25
910,Kaile,Kellert,kkellertp9@gizmodo.com,Female,97.65.185.170,78
911,Latrena,Poschel,lposchelpa@networksolutions.com,Female,233.181.20.50,38
912,Paul,Kibbee,pkibbeepb@un.org,Male,163.47.18.214,61
913,Henrieta,Gutridge,hgutridgepc@opensource.org,Female,35.175.186.160,75
914,Stephanus,Strattan,sstrattanpd@aboutads.info,Male,162.191.10.216,83
915,Parke,Lace,placepe@ebay.co.uk,Male,200.197.41.55,75
916,Gillie,Mathes,gmathespf@icio.us,Female,160.203.101.223,68
917,Ramsay,Mount,rmountpg@is.gd,Male,87.152.2.29,54
918,Consolata,McLenaghan,cmclenaghanph@examiner.com,Female,217.6.203.122,55
919,Loreen,Artiss,lartisspi@washingtonpost.com,Female,180.223.243.112,48
920,Shauna,Sherland,ssherlandpj@reverbnation.com,Genderfluid,64.103.229.5,21
921,Zerk,Griffen,zgriffenpk@nyu.edu,Male,106.28.65.223,22
922,Tarrah,Gurling,tgurlingpl@foxnews.com,Female,203.88.129.120,18
923,Dulciana,Petts,dpettspm@gravatar.com,Female,23.44.222.164,23
924,Care,Sadler,csadlerpn@flavors.me,Male,69.89.134.187,7
925,Bride,Puleque,bpulequepo@people.com.cn,Female,5.200.41.195,51
926,Zared,Gossipin,zgossipinpp@yellowbook.com,Male,211.108.94.180,95
927,Micaela,MacCleod,mmaccleodpq@dmoz.org,Female,102.143.208.209,79
928,Lynnett,Roff,lroffpr@earthlink.net,Female,86.218.132.234,60
929,Niki,Dorsey,ndorseyps@smugmug.com,Male,52.28.168.20,30
930,Steffane,Abramsky,sabramskypt@opensource.org,Female,125.205.237.211,55
931,Noble,St Clair,nstclairpu@reference.com,Male,177.157.128.170,84
932,Sandie,Pipkin,spipkinpv@abc.net.au,Female,219.83.212.103,35
933,Karlee,Gaynor,kgaynorpw@amazonaws.com,Genderqueer,102.30.218.163,45
934,Enrichetta,Poizer,epoizerpx@cargocollective.com,Female,164.110.127.120,80
935,Hally,Marley,hmarleypy@businessinsider.com,Female,226.230.74.163,25
936,Guillermo,Pyner,gpynerpz@census.gov,Male,167.75.204.177,63
937,Shirleen,Duckerin,sduckerinq0@berkeley.edu,Female,114.216.82.100,71
938,Jonie,Chilton,jchiltonq1@hao123.com,Female,56.116.17.112,71
939,Pembroke,Dadge,pdadgeq2@unblog.fr,Male,243.169.255.3,27
940,Horten,Jeakins,hjeakinsq3@trellian.com,Male,116.203.67.156,40
941,Cory,Mapplebeck,cmapplebeckq4@vinaora.com,Female,139.191.6.4,70
942,Giovanna,Cartlidge,gcartlidgeq5@phoca.cz,Female,244.243.221.12,28
943,Cthrine,Gatesman,cgatesmanq6@e-recht24.de,Bigender,225.178.120.51,11
944,Elisabetta,Halladey,ehalladeyq7@foxnews.com,Female,39.110.46.108,29
945,Stewart,Mitchelhill,smitchelhillq8@usnews.com,Male,89.27.64.213,31
946,Obadiah,Percy,opercyq9@examiner.com,Male,143.198.18.100,2
947,Aurea,Plumb,aplumbqa@fastcompany.com,Female,140.195.72.43,23
948,Jarid,Senecaut,jsenecautqb@g.co,Male,2.130.155.28,88
949,Sherline,D'Ruel,sdruelqc@t.co,Female,156.184.95.198,22
950,Vale,Bratch,vbratchqd@wordpress.com,Polygender,22.234.76.103,54
951,Palmer,Ismirnioglou,pismirnioglouqe@alibaba.com,Male,90.243.154.51,11
952,Crista,Eggar,ceggarqf@opensource.org,Female,166.197.132.155,89
953,Kiel,Leates,kleatesqg@nyu.edu,Male,231.76.61.94,69
954,Charlotta,Golby,cgolbyqh@php.net,Female,104.114.18.9,6
955,Cory,Casement,ccasementqi@foxnews.com,Male,219.12.93.150,67
956,Clemens,Ivasechko,civasechkoqj@state.tx.us,Male,202.73.9.57,53
957,Teodoro,Toogood,ttoogoodqk@aboutads.info,Male,232.195.94.102,67
958,Lanae,Tomalin,ltomalinql@instagram.com,Genderqueer,226.187.97.220,26
959,Athene,Waterfall,awaterfallqm@ibm.com,Female,180.35.64.95,44
960,Corella,Blackborow,cblackborowqn@devhub.com,Female,212.69.173.81,58
961,William,Hatter,whatterqo@odnoklassniki.ru,Male,53.27.209.97,24
962,Kessiah,Clackson,kclacksonqp@youtube.com,Female,249.59.16.87,23
963,Maisey,Burrass,mburrassqq@netscape.com,Female,173.225.173.23,17
964,Daffi,Scimoni,dscimoniqr@cyberchimps.com,Genderfluid,8.139.120.137,65
965,Jim,Tarbert,jtarbertqs@wsj.com,Male,28.84.195.122,78
966,Sephira,Whelpton,swhelptonqt@irs.gov,Female,153.1.127.206,23
967,Orbadiah,Adamo,oadamoqu@newsvine.com,Male,152.139.51.44,77
968,Blake,Amies,bamiesqv@virginia.edu,Male,93.183.113.132,82
969,Jarret,Da Costa,jdacostaqw@soundcloud.com,Genderqueer,192.108.86.33,24
970,Carleton,Attaway,cattawayqx@constantcontact.com,Male,82.115.244.100,74
971,Tish,Tarbard,ttarbardqy@com.com,Female,32.139.75.57,81
972,Cristian,Cheshir,ccheshirqz@si.edu,Polygender,97.61.217.200,55
973,Weider,Fenich,wfenichr0@usda.gov,Male,116.4.24.130,83
974,Clerissa,Josephov,cjosephovr1@google.ru,Female,47.105.37.89,70
975,Caresa,Morson,cmorsonr2@infoseek.co.jp,Female,111.46.186.228,30
976,Waneta,McCabe,wmccaber3@hugedomains.com,Female,51.107.117.71,7
977,Gar,Loftie,gloftier4@yahoo.com,Male,22.66.127.73,93
978,Rubin,Whorton,rwhortonr5@nyu.edu,Male,121.2.232.17,52
979,Carleen,Bolderoe,cbolderoer6@usgs.gov,Female,19.139.145.19,87
980,Karena,Haversum,khaversumr7@feedburner.com,Female,59.164.161.80,42
981,Gypsy,Alexsandrowicz,galexsandrowiczr8@domainmarket.com,Female,100.53.127.212,54
982,Olympe,Gapp,ogappr9@xinhuanet.com,Genderfluid,203.158.198.229,5
983,Roanne,Nehlsen,rnehlsenra@jugem.jp,Agender,110.227.24.162,89
984,Garth,Youles,gyoulesrb@discovery.com,Male,189.47.133.254,61
985,Des,Amos,damosrc@illinois.edu,Male,191.212.188.163,12
986,Fanechka,Janousek,fjanousekrd@wp.com,Female,100.162.176.208,100
987,Letisha,Daviot,ldaviotre@twitter.com,Female,76.54.71.99,36
988,Gabbi,O'Sirin,gosirinrf@craigslist.org,Female,88.58.240.249,17
989,Danika,Capini,dcapinirg@wikispaces.com,Female,97.49.18.111,37
990,Hannah,Ingon,hingonrh@army.mil,Female,227.23.55.28,53
991,Leonora,Brumbye,lbrumbyeri@toplist.cz,Female,128.102.245.74,2
992,Ynes,Woodison,ywoodisonrj@sakura.ne.jp,Female,108.152.47.121,35
993,Alina,Kinnon,akinnonrk@earthlink.net,Female,129.74.91.50,67
994,Nealon,Franzoli,nfranzolirl@wordpress.com,Male,125.220.223.0,47
995,Doro,Pennycock,dpennycockrm@stanford.edu,Female,49.77.138.193,79
996,Xever,Greedier,xgreedierrn@barnesandnoble.com,Male,157.170.113.182,88
997,Benjamin,Van Salzberger,bvansalzbergerro@europa.eu,Male,220.139.90.221,32
998,Joann,Scotfurth,jscotfurthrp@booking.com,Female,137.190.144.185,49
999,Jules,Burt,jburtrq@wp.com,Male,243.1.236.111,1
1000,Janeen,Beevens,jbeevensrr@linkedin.com,Female,107.18.105.252,1
